transaction_id,amount,location,transaction_time,is_fraud,flag_for_review
TID000001,1875.83,San Antonio,2025-05-29 21:22:05.683775,0,False
TID000002,4753.82,New York,2025-06-11 21:35:16.683775,0,False
TID000003,3661.31,Chicago,2025-06-20 11:57:37.683775,0,False
TID000004,2995.3,Chicago,2025-06-11 11:29:49.683775,0,False
TID000005,784.31,San Diego,2025-05-28 00:09:27.683775,0,False
TID000006,784.19,San Antonio,2025-06-13 09:28:40.683775,0,False
TID000007,295.13,Dallas,2025-06-07 11:02:12.683775,0,False
TID000008,4331.55,New York,2025-06-03 06:45:16.683775,0,False
TID000009,3007.57,Phoenix,2025-05-30 23:56:16.683775,1,False
TID000010,3541.82,New York,2025-06-16 03:23:44.683775,0,False
TID000011,107.82,Chicago,2025-05-29 12:25:08.683775,0,False
TID000012,4849.7,Philadelphia,2025-06-04 08:43:58.683775,0,False
TID000013,4163.05,New York,2025-06-23 01:20:13.683775,0,False
TID000014,1065.63,Los Angeles,2025-05-26 02:29:41.683775,1,False
TID000015,913.22,San Antonio,2025-05-27 12:32:23.683775,0,False
TID000016,921.11,Philadelphia,2025-06-10 06:10:40.683775,0,False
TID000017,1524.69,Chicago,2025-06-05 21:23:23.683775,0,False
TID000018,2626.16,Philadelphia,2025-05-31 04:19:25.683775,0,False
TID000019,2162.57,Dallas,2025-06-21 11:23:33.683775,0,False
TID000020,1459.69,New York,2025-06-04 00:41:36.683775,0,False
TID000021,3061.21,Dallas,2025-05-28 09:32:53.683775,0,False
TID000022,701.77,San Antonio,2025-06-20 23:18:37.683775,0,False
TID000023,1464.26,Houston,2025-06-04 02:58:02.683775,0,False
TID000024,1834.98,Los Angeles,2025-06-22 12:47:50.683775,0,False
TID000025,2283.07,San Jose,2025-06-04 13:12:47.683775,0,False
TID000026,3926.95,Houston,2025-06-05 09:04:29.683775,1,False
TID000027,1002.37,New York,2025-06-10 00:24:40.683775,0,False
TID000028,2573.6,New York,2025-06-01 05:31:29.683775,0,False
TID000029,2964.11,Dallas,2025-06-22 23:58:50.683775,0,False
TID000030,237.02,San Antonio,2025-05-25 04:54:55.683775,0,False
TID000031,3039.69,Dallas,2025-06-07 12:39:36.683775,0,False
TID000032,856.77,San Diego,2025-06-01 02:11:07.683775,0,False
TID000033,329.93,Philadelphia,2025-05-31 09:03:48.683775,0,False
TID000034,4744.68,San Jose,2025-06-20 07:00:29.683775,0,False
TID000035,4828.33,Houston,2025-06-06 05:38:41.683775,0,False
TID000036,4042.94,Philadelphia,2025-06-02 12:54:55.683775,0,False
TID000037,1526.55,Dallas,2025-05-30 09:41:06.683775,0,False
TID000038,492.87,San Antonio,2025-05-26 07:38:51.683775,0,False
TID000039,3422.74,Dallas,2025-05-31 11:10:24.683775,0,False
TID000040,2203.56,Philadelphia,2025-05-25 18:55:30.683775,0,False
TID000041,614.58,San Diego,2025-06-11 10:59:39.683775,0,False
TID000042,2478.41,New York,2025-06-05 14:49:19.683775,0,False
TID000043,176.77,Chicago,2025-06-22 15:40:30.683775,1,False
TID000044,4547.06,Chicago,2025-06-09 18:49:57.683775,0,False
TID000045,1297.61,New York,2025-05-25 19:59:52.683775,0,False
TID000046,3314.3,Chicago,2025-06-02 12:37:23.683775,0,False
TID000047,1562.0,Los Angeles,2025-06-06 22:47:14.683775,0,False
TID000048,2602.74,Chicago,2025-05-27 14:39:39.683775,0,False
TID000049,2735.82,San Antonio,2025-05-31 05:17:45.683775,0,False
TID000050,928.35,Houston,2025-06-14 12:03:58.683775,0,False
TID000051,4848.08,Houston,2025-06-19 14:32:44.683775,0,False
TID000052,3876.79,Chicago,2025-05-30 14:01:21.683775,0,False
TID000053,4697.8,Chicago,2025-05-28 03:39:43.683775,0,False
TID000054,4474.66,San Jose,2025-06-17 04:28:42.683775,0,False
TID000055,2991.51,San Antonio,2025-06-15 19:53:24.683775,0,False
TID000056,4609.76,San Antonio,2025-06-11 15:25:03.683775,0,False
TID000057,447.02,Los Angeles,2025-06-18 23:34:38.683775,0,False
TID000058,983.93,San Diego,2025-06-22 21:16:57.683775,0,False
TID000059,230.91,Los Angeles,2025-05-30 08:40:07.683775,0,False
TID000060,1630.03,Houston,2025-06-16 00:14:10.683775,0,False
TID000061,1946.44,San Jose,2025-06-18 12:37:34.683775,0,False
TID000062,1360.39,San Antonio,2025-06-04 19:44:09.683775,0,False
TID000063,4144.54,Philadelphia,2025-06-23 22:15:47.683775,0,False
TID000064,1786.98,San Antonio,2025-05-27 04:08:08.683775,0,False
TID000065,1408.27,Dallas,2025-06-19 09:08:46.683775,0,False
TID000066,2715.77,San Diego,2025-06-08 17:02:11.683775,0,False
TID000067,708.92,Chicago,2025-06-16 07:16:11.683775,0,False
TID000068,4011.97,New York,2025-05-26 13:54:17.683775,0,False
TID000069,377.38,Houston,2025-05-28 00:28:42.683775,1,False
TID000070,4934.5,Chicago,2025-06-17 07:39:57.683775,0,False
TID000071,3862.36,Chicago,2025-06-13 13:31:46.683775,0,False
TID000072,997.58,San Jose,2025-06-14 18:15:23.683775,0,False
TID000073,32.58,Dallas,2025-05-30 07:23:46.683775,0,False
TID000074,4078.23,Houston,2025-06-17 20:48:58.683775,0,False
TID000075,3535.75,San Antonio,2025-06-15 14:23:57.683775,0,False
TID000076,3646.39,Houston,2025-05-28 15:14:04.683775,0,False
TID000077,3857.5,San Jose,2025-05-28 23:44:21.683775,0,False
TID000078,374.85,Phoenix,2025-06-09 16:53:56.683775,0,False
TID000079,1795.54,Chicago,2025-06-23 14:19:46.683775,0,False
TID000080,583.77,Chicago,2025-06-01 06:25:59.683775,0,False
TID000081,4316.2,Philadelphia,2025-05-28 06:08:13.683775,1,False
TID000082,3118.37,Chicago,2025-05-31 04:38:07.683775,0,False
TID000083,1657.84,Philadelphia,2025-06-07 10:01:42.683775,0,False
TID000084,322.47,Dallas,2025-06-22 11:36:39.683775,1,False
TID000085,1558.36,Houston,2025-06-20 16:29:35.683775,0,False
TID000086,1629.29,Chicago,2025-06-09 20:28:48.683775,0,False
TID000087,3649.38,San Jose,2025-06-12 13:23:50.683775,0,False
TID000088,3189.6,Philadelphia,2025-06-23 01:37:25.683775,0,False
TID000089,4436.63,New York,2025-06-19 19:45:18.683775,0,False
TID000090,2363.71,New York,2025-06-08 09:11:32.683775,0,False
TID000091,602.37,Los Angeles,2025-06-16 02:13:42.683775,0,False
TID000092,3567.66,San Antonio,2025-06-18 14:37:16.683775,0,False
TID000093,3805.12,San Diego,2025-06-23 10:59:06.683775,0,False
TID000094,2808.58,Phoenix,2025-06-14 22:49:48.683775,0,False
TID000095,3855.98,New York,2025-05-29 21:09:46.683775,0,False
TID000096,2471.51,Houston,2025-05-30 14:54:49.683775,0,False
TID000097,2616.05,San Jose,2025-06-20 19:57:49.683775,0,False
TID000098,2140.57,Philadelphia,2025-06-04 12:07:54.683775,0,False
TID000099,131.97,San Jose,2025-06-14 22:40:46.683775,0,False
TID000100,543.92,Dallas,2025-06-15 23:42:40.683775,0,False
TID000101,161.99,New York,2025-06-05 03:49:33.683775,0,False
TID000102,3183.87,San Diego,2025-06-14 03:44:21.683775,0,False
TID000103,1575.21,San Antonio,2025-06-10 12:29:44.683775,0,False
TID000104,2545.31,Philadelphia,2025-06-16 01:58:34.683775,0,False
TID000105,4538.29,Chicago,2025-06-13 10:09:57.683775,0,False
TID000106,1250.21,San Antonio,2025-06-14 06:16:29.683775,0,False
TID000107,2054.86,Los Angeles,2025-05-29 16:23:40.683775,0,False
TID000108,3778.98,Phoenix,2025-06-09 05:45:24.683775,0,False
TID000109,1147.85,Phoenix,2025-06-14 18:49:39.683775,0,False
TID000110,389.51,San Jose,2025-06-09 05:43:40.683775,1,False
TID000111,1452.31,Dallas,2025-06-06 10:34:47.683775,0,False
TID000112,810.3,Chicago,2025-06-12 05:42:14.683775,0,False
TID000113,4648.84,Philadelphia,2025-06-01 11:26:56.683775,1,False
TID000114,4041.56,Los Angeles,2025-06-17 02:10:25.683775,0,False
TID000115,3168.85,San Jose,2025-05-28 07:49:39.683775,1,False
TID000116,4357.95,Dallas,2025-05-29 11:53:46.683775,0,False
TID000117,4019.34,Chicago,2025-05-29 05:04:06.683775,0,False
TID000118,936.92,San Antonio,2025-05-29 14:13:57.683775,0,False
TID000119,4463.33,San Antonio,2025-06-15 00:47:03.683775,0,False
TID000120,2699.01,Los Angeles,2025-05-29 18:07:02.683775,0,False
TID000121,4038.16,San Diego,2025-06-12 03:46:36.683775,0,False
TID000122,4480.98,Philadelphia,2025-05-31 09:12:25.683775,0,False
TID000123,1593.43,San Diego,2025-06-21 01:49:50.683775,0,False
TID000124,554.71,Philadelphia,2025-05-27 23:29:40.683775,0,False
TID000125,1143.54,New York,2025-06-22 12:53:34.683775,1,False
TID000126,2138.4,Houston,2025-06-21 07:54:26.683775,0,False
TID000127,4090.98,New York,2025-06-21 08:01:12.683775,0,False
TID000128,4304.35,San Jose,2025-06-10 01:40:37.683775,0,False
TID000129,39.73,Dallas,2025-05-31 00:01:17.683775,0,False
TID000130,2556.18,Dallas,2025-06-14 00:14:18.683775,0,False
TID000131,2089.97,Houston,2025-06-11 05:34:59.683775,1,False
TID000132,1114.43,New York,2025-06-14 14:22:07.683775,0,False
TID000133,603.73,Dallas,2025-05-27 13:33:02.683775,0,False
TID000134,1691.39,San Jose,2025-06-08 00:43:27.683775,0,False
TID000135,4714.83,New York,2025-06-23 05:08:24.683775,0,False
TID000136,1619.4,Phoenix,2025-06-09 05:38:27.683775,0,False
TID000137,2596.36,New York,2025-06-11 03:18:33.683775,0,False
TID000138,3516.58,San Diego,2025-05-30 02:18:54.683775,0,False
TID000139,1821.33,San Diego,2025-06-22 02:56:07.683775,1,False
TID000140,4859.05,Los Angeles,2025-06-18 16:47:24.683775,0,False
TID000141,4812.42,Phoenix,2025-06-04 09:28:13.683775,1,False
TID000142,1262.65,Philadelphia,2025-06-01 13:53:07.683775,0,False
TID000143,2488.76,Chicago,2025-06-17 11:24:10.683775,0,False
TID000144,1507.89,Dallas,2025-06-04 22:52:33.683775,1,False
TID000145,1427.78,Phoenix,2025-05-30 07:41:42.683775,0,False
TID000146,189.25,Chicago,2025-06-11 01:31:26.683775,1,False
TID000147,3049.77,Philadelphia,2025-06-21 01:42:28.683775,0,False
TID000148,2515.88,San Diego,2025-06-11 21:51:04.683775,0,False
TID000149,262.14,Chicago,2025-05-30 15:27:45.683775,0,False
TID000150,1396.84,Houston,2025-06-07 14:10:01.683775,0,False
TID000151,4541.79,San Jose,2025-06-21 22:29:11.683775,0,False
TID000152,1201.61,San Antonio,2025-06-05 01:06:21.683775,0,False
TID000153,728.75,Phoenix,2025-06-14 21:33:49.683775,0,False
TID000154,2449.82,Philadelphia,2025-06-21 07:11:02.683775,0,False
TID000155,4928.32,Los Angeles,2025-06-23 20:28:34.683775,0,False
TID000156,1214.07,Chicago,2025-06-21 02:15:37.683775,0,False
TID000157,3362.32,Houston,2025-05-26 08:11:58.683775,0,False
TID000158,3809.29,Philadelphia,2025-06-23 15:08:31.683775,0,False
TID000159,1192.0,Chicago,2025-06-07 01:12:39.683775,0,False
TID000160,3642.44,Chicago,2025-05-26 11:20:40.683775,0,False
TID000161,1842.08,New York,2025-06-02 19:48:41.683775,0,False
TID000162,3163.37,San Antonio,2025-06-07 07:59:41.683775,0,False
TID000163,3169.48,Chicago,2025-06-09 01:36:17.683775,0,False
TID000164,2681.19,San Jose,2025-06-10 13:32:09.683775,0,False
TID000165,456.0,Dallas,2025-06-11 02:35:00.683775,0,False
TID000166,4177.34,New York,2025-05-25 08:43:31.683775,0,False
TID000167,1607.3,Chicago,2025-06-02 20:57:52.683775,0,False
TID000168,936.66,San Antonio,2025-06-01 00:30:42.683775,1,False
TID000169,208.67,Chicago,2025-06-21 13:25:24.683775,1,False
TID000170,2956.51,Los Angeles,2025-06-13 12:33:33.683775,0,False
TID000171,3389.43,San Jose,2025-05-28 10:41:04.683775,0,False
TID000172,87.86,Philadelphia,2025-05-31 22:54:27.683775,0,False
TID000173,2562.9,Phoenix,2025-05-26 13:19:47.683775,0,False
TID000174,1136.35,San Diego,2025-05-29 12:31:01.683775,0,False
TID000175,3227.64,Dallas,2025-06-19 19:40:07.683775,0,False
TID000176,875.96,Los Angeles,2025-06-04 12:15:34.683775,0,False
TID000177,3456.23,New York,2025-06-12 07:54:35.683775,0,False
TID000178,1936.74,Phoenix,2025-06-14 10:45:07.683775,0,False
TID000179,4683.97,Phoenix,2025-06-16 02:08:50.683775,0,False
TID000180,691.92,Phoenix,2025-06-10 14:47:03.683775,0,False
TID000181,1708.63,San Diego,2025-06-01 17:00:24.683775,0,False
TID000182,571.8,San Antonio,2025-06-12 00:45:17.683775,0,False
TID000183,4623.84,San Jose,2025-06-09 04:41:43.683775,0,False
TID000184,4387.31,New York,2025-06-09 19:32:42.683775,0,False
TID000185,1293.42,Phoenix,2025-06-21 14:54:21.683775,1,False
TID000186,3301.62,Houston,2025-06-23 00:15:45.683775,0,False
TID000187,4087.02,Dallas,2025-05-29 04:35:37.683775,0,False
TID000188,2778.23,Chicago,2025-05-27 14:54:19.683775,1,False
TID000189,2650.6,Los Angeles,2025-06-01 14:52:31.683775,0,False
TID000190,1213.05,Phoenix,2025-06-01 17:00:26.683775,0,False
TID000191,470.05,Phoenix,2025-06-24 01:26:43.683775,1,False
TID000192,4486.59,Chicago,2025-05-27 11:35:21.683775,0,False
TID000193,4502.59,Chicago,2025-05-29 00:39:39.683775,0,False
TID000194,3167.34,San Jose,2025-06-07 06:38:04.683775,0,False
TID000195,1698.45,Phoenix,2025-06-15 13:52:32.683775,0,False
TID000196,1749.3,Dallas,2025-06-14 15:37:28.683775,0,False
TID000197,3631.15,Philadelphia,2025-06-17 15:26:54.683775,1,False
TID000198,4486.07,New York,2025-06-23 12:54:23.683775,0,False
TID000199,4436.0,San Jose,2025-06-15 12:37:49.683775,0,False
TID000200,3900.48,Dallas,2025-06-14 04:10:14.683775,0,False
TID000201,3211.95,San Jose,2025-06-07 07:52:26.683775,0,False
TID000202,425.28,San Jose,2025-06-04 12:46:03.683775,0,False
TID000203,812.34,Dallas,2025-06-18 22:32:18.683775,0,False
TID000204,4493.28,Los Angeles,2025-05-30 14:13:07.683775,0,False
TID000205,3034.11,Phoenix,2025-06-10 19:46:01.683775,0,False
TID000206,50.94,Chicago,2025-06-14 22:29:50.683775,0,False
TID000207,511.85,Phoenix,2025-05-30 10:48:27.683775,0,False
TID000208,3319.19,New York,2025-06-07 19:37:03.683775,0,False
TID000209,30.28,Houston,2025-06-22 20:39:47.683775,0,False
TID000210,808.24,San Jose,2025-06-17 16:34:47.683775,0,False
TID000211,2745.93,Chicago,2025-06-19 15:32:03.683775,1,False
TID000212,3461.02,San Diego,2025-06-09 00:56:46.683775,0,False
TID000213,3261.55,Phoenix,2025-05-27 06:31:36.683775,0,False
TID000214,1125.23,Phoenix,2025-06-04 18:32:03.683775,0,False
TID000215,3562.34,San Jose,2025-06-13 06:07:36.683775,0,False
TID000216,1190.06,San Jose,2025-06-23 03:52:33.683775,0,False
TID000217,1630.37,Philadelphia,2025-05-27 17:26:14.683775,0,False
TID000218,3733.72,San Diego,2025-05-25 10:34:03.683775,0,False
TID000219,3249.92,Los Angeles,2025-06-03 23:46:54.683775,0,False
TID000220,4246.87,Chicago,2025-06-08 16:47:26.683775,0,False
TID000221,3289.78,San Jose,2025-06-04 07:43:01.683775,0,False
TID000222,2843.7,Philadelphia,2025-05-31 17:30:06.683775,0,False
TID000223,472.91,Philadelphia,2025-06-06 11:18:48.683775,0,False
TID000224,1841.74,San Diego,2025-06-08 02:50:31.683775,0,False
TID000225,1329.69,New York,2025-06-09 23:54:06.683775,0,False
TID000226,1223.73,Philadelphia,2025-05-30 21:24:12.683775,0,False
TID000227,4865.19,Philadelphia,2025-05-25 10:37:03.683775,0,False
TID000228,1968.52,Dallas,2025-06-18 05:06:27.683775,0,False
TID000229,4460.77,Los Angeles,2025-06-14 23:21:40.683775,0,False
TID000230,3157.54,San Jose,2025-06-02 14:18:39.683775,0,False
TID000231,3975.08,New York,2025-05-31 08:07:26.683775,0,False
TID000232,2515.67,Los Angeles,2025-06-12 12:35:07.683775,0,False
TID000233,2886.63,Philadelphia,2025-06-19 22:06:54.683775,0,False
TID000234,2465.13,San Antonio,2025-06-05 05:42:36.683775,0,False
TID000235,980.24,Chicago,2025-06-18 08:27:34.683775,0,False
TID000236,3613.65,Los Angeles,2025-06-21 04:34:18.683775,0,False
TID000237,1407.46,Dallas,2025-06-11 06:14:46.683775,0,False
TID000238,126.46,Chicago,2025-05-28 13:35:08.683775,0,False
TID000239,3229.13,Philadelphia,2025-06-13 08:13:59.683775,0,False
TID000240,889.67,San Antonio,2025-05-27 02:53:50.683775,0,False
TID000241,4702.59,Phoenix,2025-06-15 05:50:39.683775,0,False
TID000242,4769.87,Philadelphia,2025-05-25 23:26:49.683775,1,False
TID000243,4574.75,Philadelphia,2025-06-16 09:15:51.683775,0,False
TID000244,1853.94,San Jose,2025-05-28 20:19:41.683775,0,False
TID000245,82.21,Chicago,2025-06-09 06:21:13.683775,0,False
TID000246,4641.95,San Diego,2025-06-22 00:25:10.683775,0,False
TID000247,2143.78,Chicago,2025-06-14 21:45:50.683775,0,False
TID000248,4833.44,Houston,2025-06-21 21:40:14.683775,0,False
TID000249,4818.28,San Antonio,2025-06-13 16:47:54.683775,0,False
TID000250,4265.78,Chicago,2025-06-14 08:15:37.683775,0,False
TID000251,1475.77,Houston,2025-06-08 02:55:16.683775,0,False
TID000252,1928.56,San Diego,2025-05-30 15:47:54.683775,0,False
TID000253,4256.43,New York,2025-06-13 17:30:30.683775,0,False
TID000254,1588.03,Phoenix,2025-05-26 01:54:40.683775,0,False
TID000255,851.62,San Jose,2025-06-09 19:59:38.683775,0,False
TID000256,2786.22,San Jose,2025-06-02 09:51:30.683775,0,False
TID000257,4681.09,New York,2025-06-16 09:39:48.683775,1,False
TID000258,3481.67,Chicago,2025-06-11 15:12:02.683775,0,False
TID000259,2852.46,Chicago,2025-05-29 08:17:25.683775,0,False
TID000260,490.4,San Jose,2025-06-15 06:25:03.683775,0,False
TID000261,3076.96,Dallas,2025-05-30 04:57:04.683775,0,False
TID000262,4950.32,Dallas,2025-06-05 21:05:45.683775,0,False
TID000263,704.72,Houston,2025-06-15 05:12:41.683775,0,False
TID000264,2594.06,Los Angeles,2025-06-22 15:41:47.683775,0,False
TID000265,4387.48,Dallas,2025-06-13 12:10:10.683775,0,False
TID000266,3705.14,San Diego,2025-06-19 12:04:20.683775,0,False
TID000267,3486.59,San Antonio,2025-05-28 21:14:31.683775,0,False
TID000268,3513.91,San Jose,2025-06-13 06:42:47.683775,0,False
TID000269,1800.66,San Antonio,2025-06-09 03:06:27.683775,0,False
TID000270,1471.49,New York,2025-06-10 13:10:23.683775,0,False
TID000271,4047.76,Dallas,2025-06-04 19:45:42.683775,0,False
TID000272,4051.52,Chicago,2025-06-10 05:39:53.683775,0,False
TID000273,4336.03,San Antonio,2025-06-02 05:30:01.683775,0,False
TID000274,4566.64,San Jose,2025-05-28 18:36:00.683775,0,False
TID000275,2559.16,Los Angeles,2025-06-18 20:22:04.683775,1,False
TID000276,2510.07,Los Angeles,2025-05-30 14:27:44.683775,0,False
TID000277,3992.48,Los Angeles,2025-06-19 19:48:39.683775,0,False
TID000278,3251.57,Philadelphia,2025-06-18 19:44:55.683775,0,False
TID000279,3511.32,Chicago,2025-06-03 11:31:33.683775,0,False
TID000280,3979.98,San Antonio,2025-06-11 00:39:48.683775,0,False
TID000281,4450.58,San Diego,2025-06-11 02:40:21.683775,0,False
TID000282,1693.29,Chicago,2025-06-01 05:40:58.683775,0,False
TID000283,1881.04,San Antonio,2025-06-05 12:53:05.683775,0,False
TID000284,474.44,Chicago,2025-05-30 01:23:15.683775,0,False
TID000285,2893.51,Phoenix,2025-06-01 04:13:53.683775,0,False
TID000286,184.53,San Jose,2025-06-06 11:50:10.683775,0,False
TID000287,2330.66,Dallas,2025-06-03 15:26:59.683775,0,False
TID000288,2715.51,New York,2025-06-02 11:45:09.683775,0,False
TID000289,1436.27,Phoenix,2025-06-23 07:27:26.683775,0,False
TID000290,2956.21,Chicago,2025-06-01 11:43:04.683775,0,False
TID000291,157.35,New York,2025-05-28 17:24:16.683775,0,False
TID000292,191.55,San Diego,2025-06-02 16:00:06.683775,0,False
TID000293,4113.89,San Antonio,2025-06-18 01:17:59.683775,0,False
TID000294,1804.15,Chicago,2025-06-16 14:09:22.683775,0,False
TID000295,639.67,San Diego,2025-06-21 10:24:39.683775,0,False
TID000296,2613.61,Philadelphia,2025-06-22 04:44:27.683775,0,False
TID000297,3851.12,Phoenix,2025-06-15 20:37:27.683775,0,False
TID000298,1083.03,New York,2025-06-21 11:17:32.683775,0,False
TID000299,3116.34,New York,2025-06-09 18:10:35.683775,0,False
TID000300,431.31,Dallas,2025-06-09 09:56:24.683775,0,False
TID000301,263.15,San Jose,2025-06-01 09:29:23.683775,0,False
TID000302,2659.12,Philadelphia,2025-06-15 09:58:20.683775,0,False
TID000303,2705.47,Dallas,2025-05-28 09:10:15.683775,0,False
TID000304,3188.96,Philadelphia,2025-06-16 19:56:39.683775,0,False
TID000305,3631.83,Los Angeles,2025-06-15 12:49:17.683775,0,False
TID000306,4879.38,Los Angeles,2025-06-08 18:25:22.683775,0,False
TID000307,2583.92,Houston,2025-06-07 09:37:46.683775,0,False
TID000308,1618.17,Dallas,2025-06-22 18:39:56.683775,0,False
TID000309,3976.96,San Diego,2025-05-27 19:03:24.683775,1,False
TID000310,1357.81,Dallas,2025-06-11 03:39:14.683775,1,False
TID000311,2197.66,Dallas,2025-06-18 16:42:07.683775,0,False
TID000312,396.89,Chicago,2025-05-28 16:03:00.683775,0,False
TID000313,131.63,Chicago,2025-06-09 03:15:46.683775,0,False
TID000314,4813.43,Los Angeles,2025-06-16 11:34:50.683775,0,False
TID000315,4180.72,San Diego,2025-06-16 00:07:46.683775,0,False
TID000316,3481.39,Dallas,2025-05-26 21:25:38.683775,0,False
TID000317,2047.72,Phoenix,2025-05-27 19:53:36.683775,0,False
TID000318,870.61,San Antonio,2025-06-11 23:13:19.683775,0,False
TID000319,786.4,Los Angeles,2025-06-08 00:04:50.683775,1,False
TID000320,1254.96,San Jose,2025-05-28 19:00:35.683775,0,False
TID000321,2748.39,Dallas,2025-05-29 10:48:52.683775,0,False
TID000322,3574.41,San Jose,2025-06-23 22:08:54.683775,0,False
TID000323,3302.69,Dallas,2025-06-22 21:45:53.683775,0,False
TID000324,1403.27,Dallas,2025-06-18 16:23:18.683775,0,False
TID000325,4774.55,New York,2025-06-12 17:33:58.683775,0,False
TID000326,3690.8,San Diego,2025-06-16 12:42:35.683775,0,False
TID000327,2774.0,Houston,2025-06-22 05:44:39.683775,1,False
TID000328,3060.55,San Jose,2025-06-20 23:26:13.683775,0,False
TID000329,2100.9,Dallas,2025-05-27 01:24:23.683775,1,False
TID000330,1242.42,Dallas,2025-06-15 21:35:21.683775,0,False
TID000331,1783.08,Dallas,2025-06-21 19:38:23.683775,0,False
TID000332,3790.44,Chicago,2025-06-03 04:55:35.683775,0,False
TID000333,76.9,San Diego,2025-06-09 16:13:02.683775,1,False
TID000334,584.78,Los Angeles,2025-06-23 10:29:40.683775,0,False
TID000335,234.78,Dallas,2025-06-17 03:45:34.683775,0,False
TID000336,208.44,Dallas,2025-06-18 09:44:48.683775,0,False
TID000337,4278.03,Chicago,2025-06-01 09:22:39.683775,0,False
TID000338,3519.77,Dallas,2025-05-28 01:41:59.683775,0,False
TID000339,2373.5,Phoenix,2025-06-15 22:30:32.683775,1,False
TID000340,493.68,Houston,2025-05-30 02:12:00.683775,0,False
TID000341,2460.62,San Diego,2025-06-10 17:44:44.683775,0,False
TID000342,2369.99,Chicago,2025-05-29 03:51:44.683775,0,False
TID000343,870.14,New York,2025-06-18 13:27:13.683775,0,False
TID000344,2172.09,Los Angeles,2025-06-02 10:39:26.683775,0,False
TID000345,1995.53,Houston,2025-05-26 23:12:55.683775,0,False
TID000346,3081.17,Dallas,2025-06-06 02:15:14.683775,0,False
TID000347,3177.29,San Jose,2025-06-15 07:38:13.683775,0,False
TID000348,231.29,Chicago,2025-06-15 09:34:30.683775,0,False
TID000349,1876.19,San Antonio,2025-06-19 12:11:44.683775,0,False
TID000350,3131.17,Houston,2025-06-19 10:39:26.683775,0,False
TID000351,2518.17,San Jose,2025-06-23 16:05:11.683775,0,False
TID000352,4283.17,Philadelphia,2025-06-01 18:33:51.683775,0,False
TID000353,3295.17,San Jose,2025-06-11 17:35:00.683775,0,False
TID000354,818.86,Los Angeles,2025-06-12 04:00:56.683775,0,False
TID000355,357.49,San Jose,2025-06-07 19:12:23.683775,0,False
TID000356,3213.88,Los Angeles,2025-06-12 20:59:04.683775,1,False
TID000357,137.42,San Jose,2025-06-13 21:51:45.683775,0,False
TID000358,2930.95,Chicago,2025-06-10 11:50:16.683775,0,False
TID000359,4701.45,Los Angeles,2025-06-23 02:11:57.683775,1,False
TID000360,2879.49,Phoenix,2025-05-27 14:37:18.683775,1,False
TID000361,1943.91,San Diego,2025-06-10 07:30:23.683775,0,False
TID000362,3218.22,Houston,2025-05-28 06:24:16.683775,0,False
TID000363,2293.97,San Antonio,2025-06-10 01:43:45.683775,0,False
TID000364,2730.36,Philadelphia,2025-05-29 15:43:08.683775,0,False
TID000365,4707.62,Houston,2025-06-21 03:41:09.683775,0,False
TID000366,1933.58,Philadelphia,2025-06-12 19:59:29.683775,0,False
TID000367,4806.15,Chicago,2025-06-07 20:40:00.683775,1,False
TID000368,4527.23,San Diego,2025-06-06 07:12:28.683775,0,False
TID000369,982.98,New York,2025-06-23 07:48:32.683775,1,False
TID000370,351.46,San Jose,2025-06-01 08:48:33.683775,0,False
TID000371,508.39,Philadelphia,2025-06-10 06:00:23.683775,0,False
TID000372,96.02,San Diego,2025-05-29 00:34:06.683775,0,False
TID000373,476.74,San Diego,2025-06-22 08:33:08.683775,0,False
TID000374,3416.62,San Antonio,2025-05-31 22:23:15.683775,1,False
TID000375,360.59,Houston,2025-06-11 01:10:56.683775,1,False
TID000376,1598.28,New York,2025-06-09 03:03:28.683775,0,False
TID000377,4225.15,San Antonio,2025-06-13 02:16:32.683775,0,False
TID000378,121.24,Houston,2025-05-31 07:51:04.683775,0,False
TID000379,4073.27,Houston,2025-06-22 22:53:05.683775,1,False
TID000380,1412.86,Dallas,2025-05-29 04:18:59.683775,0,False
TID000381,595.23,San Diego,2025-06-09 02:18:02.683775,0,False
TID000382,3485.2,Houston,2025-06-21 04:48:11.683775,0,False
TID000383,3146.57,Houston,2025-06-12 08:28:29.683775,0,False
TID000384,4387.97,Phoenix,2025-06-10 00:18:52.683775,0,False
TID000385,3676.68,Phoenix,2025-05-31 06:30:07.683775,0,False
TID000386,4018.39,Chicago,2025-06-19 14:54:15.683775,0,False
TID000387,1413.76,Los Angeles,2025-05-29 14:29:32.683775,1,False
TID000388,891.31,Phoenix,2025-06-14 14:54:57.683775,0,False
TID000389,3754.32,San Jose,2025-06-18 18:02:37.683775,0,False
TID000390,4035.14,San Antonio,2025-06-11 15:10:19.683775,0,False
TID000391,4952.57,San Jose,2025-05-25 22:51:06.683775,0,False
TID000392,2066.03,San Antonio,2025-06-11 16:04:06.683775,0,False
TID000393,1863.23,Houston,2025-06-09 01:28:00.683775,0,False
TID000394,3883.18,Philadelphia,2025-06-02 19:37:59.683775,0,False
TID000395,1707.31,New York,2025-06-04 11:09:51.683775,0,False
TID000396,4654.13,Chicago,2025-06-10 15:45:31.683775,0,False
TID000397,4292.77,Phoenix,2025-06-17 16:09:30.683775,0,False
TID000398,2147.83,Philadelphia,2025-06-03 09:18:50.683775,0,False
TID000399,3755.6,San Antonio,2025-06-05 01:33:12.683775,0,False
TID000400,3773.94,Phoenix,2025-05-31 17:53:12.683775,1,False
TID000401,520.1,Phoenix,2025-06-01 14:08:09.683775,0,False
TID000402,4513.25,Chicago,2025-05-28 19:30:55.683775,0,False
TID000403,2528.74,Phoenix,2025-06-08 10:14:03.683775,0,False
TID000404,4133.16,San Jose,2025-05-29 23:26:57.683775,0,False
TID000405,1603.65,San Diego,2025-06-18 17:06:46.683775,0,False
TID000406,4478.14,Los Angeles,2025-06-20 06:29:24.683775,0,False
TID000407,1949.06,New York,2025-06-19 15:03:55.683775,0,False
TID000408,59.13,Philadelphia,2025-05-26 21:35:26.683775,1,False
TID000409,4527.38,San Antonio,2025-06-10 09:58:14.683775,0,False
TID000410,460.98,Houston,2025-05-31 10:17:41.683775,0,False
TID000411,1599.97,Dallas,2025-06-23 01:27:15.683775,0,False
TID000412,4750.56,San Diego,2025-06-12 08:31:19.683775,0,False
TID000413,4753.28,San Antonio,2025-06-01 13:19:44.683775,0,False
TID000414,2869.32,Chicago,2025-06-01 22:38:36.683775,0,False
TID000415,3161.03,Los Angeles,2025-06-02 20:18:44.683775,0,False
TID000416,2244.99,New York,2025-06-02 02:28:43.683775,0,False
TID000417,1469.59,Chicago,2025-06-15 07:32:17.683775,1,False
TID000418,1646.68,Phoenix,2025-05-27 04:31:01.683775,0,False
TID000419,3364.23,Dallas,2025-06-14 00:17:47.683775,0,False
TID000420,3763.11,New York,2025-06-11 18:03:04.683775,0,False
TID000421,3958.94,Phoenix,2025-06-05 14:21:15.683775,1,False
TID000422,3949.14,San Antonio,2025-06-15 15:08:26.683775,0,False
TID000423,460.57,Los Angeles,2025-06-23 17:00:24.683775,0,False
TID000424,2474.63,San Antonio,2025-06-07 21:34:36.683775,0,False
TID000425,292.51,Phoenix,2025-06-15 20:39:02.683775,0,False
TID000426,2749.9,Chicago,2025-06-05 10:14:41.683775,0,False
TID000427,2210.44,San Antonio,2025-06-19 23:46:47.683775,0,False
TID000428,4439.08,New York,2025-06-05 16:15:47.683775,1,False
TID000429,1757.82,San Diego,2025-06-09 02:10:04.683775,0,False
TID000430,589.75,San Diego,2025-06-16 20:03:16.683775,0,False
TID000431,719.24,Los Angeles,2025-06-03 11:39:24.683775,0,False
TID000432,3808.75,Phoenix,2025-06-11 22:10:38.683775,0,False
TID000433,3093.0,Los Angeles,2025-06-21 18:11:54.683775,0,False
TID000434,510.11,San Jose,2025-06-15 10:56:41.683775,0,False
TID000435,425.11,Philadelphia,2025-06-16 11:30:28.683775,0,False
TID000436,3506.34,New York,2025-06-07 17:53:58.683775,0,False
TID000437,368.45,Chicago,2025-06-12 14:31:31.683775,1,False
TID000438,4110.19,Dallas,2025-06-18 11:32:25.683775,0,False
TID000439,3532.68,Phoenix,2025-06-19 16:08:48.683775,1,False
TID000440,411.34,Dallas,2025-06-14 09:23:12.683775,0,False
TID000441,428.76,San Antonio,2025-06-01 22:25:23.683775,0,False
TID000442,4933.26,San Jose,2025-06-03 18:16:34.683775,0,False
TID000443,1874.48,Philadelphia,2025-06-23 10:05:44.683775,0,False
TID000444,1856.36,San Jose,2025-05-31 18:51:27.683775,0,False
TID000445,4064.93,Dallas,2025-06-06 04:53:11.683775,1,False
TID000446,4736.51,San Antonio,2025-05-27 14:24:19.683775,0,False
TID000447,4930.08,San Diego,2025-06-17 09:32:25.683775,0,False
TID000448,3768.12,Philadelphia,2025-06-12 02:06:18.683775,0,False
TID000449,1884.42,Dallas,2025-06-20 23:41:54.683775,0,False
TID000450,422.09,Philadelphia,2025-05-30 01:08:14.683775,0,False
TID000451,3886.85,Dallas,2025-06-19 02:41:22.683775,0,False
TID000452,2794.23,San Diego,2025-05-31 02:52:18.683775,0,False
TID000453,2123.99,Phoenix,2025-06-07 21:44:02.683775,0,False
TID000454,4532.24,Chicago,2025-05-29 03:19:59.683775,0,False
TID000455,560.43,Chicago,2025-06-01 20:23:20.683775,1,False
TID000456,2465.66,San Antonio,2025-06-07 07:26:11.683775,0,False
TID000457,61.71,San Diego,2025-06-15 21:06:23.683775,0,False
TID000458,2345.96,Philadelphia,2025-06-18 23:42:39.683775,0,False
TID000459,286.23,San Antonio,2025-06-01 05:17:07.683775,1,False
TID000460,598.5,Chicago,2025-06-15 07:18:14.683775,0,False
TID000461,592.04,New York,2025-05-29 12:27:56.683775,0,False
TID000462,3247.81,Chicago,2025-06-04 20:18:16.683775,0,False
TID000463,3731.49,Chicago,2025-06-15 23:12:49.683775,0,False
TID000464,2918.93,Houston,2025-06-11 00:54:28.683775,0,False
TID000465,4811.05,Philadelphia,2025-05-26 08:41:04.683775,0,False
TID000466,1877.48,Los Angeles,2025-06-14 05:00:05.683775,0,False
TID000467,1432.13,Chicago,2025-05-27 15:39:37.683775,0,False
TID000468,4343.65,San Antonio,2025-06-13 07:30:50.683775,0,False
TID000469,1121.86,San Diego,2025-06-18 10:29:32.683775,0,False
TID000470,4816.3,New York,2025-06-12 05:18:30.683775,0,False
TID000471,65.71,Phoenix,2025-06-05 12:18:46.683775,0,False
TID000472,4849.54,Philadelphia,2025-06-12 19:31:40.683775,0,False
TID000473,220.58,Phoenix,2025-05-29 00:41:20.683775,0,False
TID000474,4456.26,Chicago,2025-06-12 06:24:59.683775,0,False
TID000475,2640.87,Phoenix,2025-06-04 23:13:05.683775,0,False
TID000476,4964.86,San Jose,2025-05-26 10:27:09.683775,0,False
TID000477,373.61,Philadelphia,2025-06-09 12:54:23.683775,0,False
TID000478,2771.5,San Antonio,2025-05-29 21:03:06.683775,0,False
TID000479,4846.67,Dallas,2025-06-10 08:15:11.683775,0,False
TID000480,2617.87,San Diego,2025-06-01 03:46:17.683775,0,False
TID000481,3148.85,Houston,2025-05-31 17:55:36.683775,0,False
TID000482,3480.26,New York,2025-05-26 22:14:17.683775,0,False
TID000483,2275.43,Houston,2025-06-07 23:51:01.683775,0,False
TID000484,3139.65,San Diego,2025-06-17 00:03:41.683775,0,False
TID000485,2923.65,Dallas,2025-05-31 19:19:00.683775,0,False
TID000486,4506.28,San Jose,2025-06-16 20:09:52.683775,0,False
TID000487,232.0,Phoenix,2025-06-15 20:16:12.683775,0,False
TID000488,1408.41,San Diego,2025-06-23 22:32:39.683775,0,False
TID000489,4752.31,Philadelphia,2025-05-25 07:43:47.683775,0,False
TID000490,4451.87,San Antonio,2025-05-28 21:54:58.683775,0,False
TID000491,2281.01,Chicago,2025-05-25 23:45:10.683775,0,False
TID000492,3102.56,Chicago,2025-06-06 11:47:04.683775,0,False
TID000493,1390.52,Phoenix,2025-06-04 12:52:03.683775,0,False
TID000494,944.67,New York,2025-06-01 07:48:52.683775,0,False
TID000495,2321.17,Houston,2025-06-20 17:00:53.683775,0,False
TID000496,1769.99,San Antonio,2025-06-23 15:00:30.683775,0,False
TID000497,2920.36,Phoenix,2025-06-19 16:30:36.683775,0,False
TID000498,393.28,Los Angeles,2025-06-14 14:44:21.683775,0,False
TID000499,4872.1,Phoenix,2025-05-30 11:09:13.683775,0,False
TID000500,4931.12,Los Angeles,2025-06-08 01:16:27.683775,0,False
TID000501,3492.32,San Antonio,2025-06-05 14:28:57.683775,0,False
TID000502,2682.8,New York,2025-06-08 16:28:41.683775,0,False
TID000503,1551.09,Houston,2025-05-30 23:34:31.683775,0,False
TID000504,4069.91,Philadelphia,2025-05-27 09:14:37.683775,0,False
TID000505,3425.23,New York,2025-06-05 15:24:49.683775,0,False
TID000506,817.27,San Antonio,2025-06-14 10:44:37.683775,0,False
TID000507,4555.08,Los Angeles,2025-06-16 06:11:15.683775,0,False
TID000508,4113.57,Phoenix,2025-05-28 02:47:14.683775,0,False
TID000509,4749.25,New York,2025-05-30 10:46:13.683775,0,False
TID000510,3629.97,Houston,2025-06-18 07:57:17.683775,0,False
TID000511,3069.01,Chicago,2025-06-23 00:51:46.683775,0,False
TID000512,2094.12,Houston,2025-06-20 02:09:34.683775,1,False
TID000513,4663.98,San Diego,2025-05-25 20:45:36.683775,0,False
TID000514,4330.99,Houston,2025-06-19 02:04:04.683775,0,False
TID000515,230.87,San Diego,2025-06-21 23:35:25.683775,0,False
TID000516,136.7,Dallas,2025-06-05 19:29:24.683775,0,False
TID000517,1885.43,Chicago,2025-06-01 00:53:26.683775,0,False
TID000518,4053.71,New York,2025-06-08 04:58:05.683775,0,False
TID000519,4936.44,New York,2025-06-14 21:42:40.683775,0,False
TID000520,756.33,Philadelphia,2025-05-25 03:26:03.683775,0,False
TID000521,2972.68,San Jose,2025-06-23 21:55:00.683775,0,False
TID000522,1907.55,Houston,2025-06-11 04:40:19.683775,0,False
TID000523,4849.72,San Antonio,2025-06-05 17:53:21.683775,0,False
TID000524,4211.38,San Diego,2025-06-21 18:28:59.683775,0,False
TID000525,4192.45,San Antonio,2025-06-14 06:56:53.683775,1,False
TID000526,2346.12,San Diego,2025-06-03 03:50:53.683775,0,False
TID000527,2077.02,San Jose,2025-05-29 05:21:32.683775,0,False
TID000528,1370.67,Los Angeles,2025-06-19 11:30:55.683775,0,False
TID000529,286.6,New York,2025-06-11 13:44:43.683775,0,False
TID000530,4324.29,Los Angeles,2025-05-28 08:27:49.683775,1,False
TID000531,4065.44,Los Angeles,2025-06-19 14:30:55.683775,0,False
TID000532,4998.59,San Antonio,2025-06-20 11:30:47.683775,0,False
TID000533,4983.2,Philadelphia,2025-06-18 16:41:28.683775,0,False
TID000534,2779.38,Chicago,2025-06-18 17:02:05.683775,0,False
TID000535,3846.09,San Antonio,2025-06-20 23:14:43.683775,0,False
TID000536,4724.1,San Diego,2025-05-26 01:18:10.683775,0,False
TID000537,4248.99,Los Angeles,2025-06-13 00:31:23.683775,1,False
TID000538,1240.5,San Antonio,2025-06-16 21:21:31.683775,0,False
TID000539,2255.47,San Diego,2025-05-27 04:19:58.683775,0,False
TID000540,650.15,Los Angeles,2025-06-12 20:21:39.683775,0,False
TID000541,4770.48,Dallas,2025-06-12 04:32:25.683775,0,False
TID000542,3032.84,San Jose,2025-06-06 09:08:08.683775,0,False
TID000543,1147.07,Los Angeles,2025-05-25 20:32:06.683775,0,False
TID000544,3360.14,New York,2025-06-11 09:39:22.683775,0,False
TID000545,3092.55,Houston,2025-05-28 08:19:27.683775,0,False
TID000546,1794.02,San Antonio,2025-06-10 19:20:08.683775,0,False
TID000547,572.22,San Jose,2025-06-05 18:32:37.683775,0,False
TID000548,3359.51,Houston,2025-05-30 02:23:19.683775,0,False
TID000549,2603.94,San Diego,2025-06-22 07:34:41.683775,1,False
TID000550,3862.73,New York,2025-06-10 05:01:26.683775,0,False
TID000551,2603.22,San Antonio,2025-05-31 13:02:42.683775,0,False
TID000552,4261.65,San Antonio,2025-05-27 05:15:59.683775,0,False
TID000553,2761.77,Los Angeles,2025-06-11 04:04:11.683775,0,False
TID000554,2806.89,San Diego,2025-06-20 13:45:49.683775,0,False
TID000555,4383.88,Dallas,2025-06-10 12:02:52.683775,0,False
TID000556,2020.4,San Antonio,2025-06-02 13:36:19.683775,0,False
TID000557,674.41,Los Angeles,2025-06-16 14:56:11.683775,0,False
TID000558,148.77,San Jose,2025-06-17 07:08:27.683775,0,False
TID000559,3776.91,San Diego,2025-06-02 21:58:51.683775,0,False
TID000560,3103.45,Houston,2025-05-31 14:43:34.683775,0,False
TID000561,3521.88,Phoenix,2025-05-28 03:07:44.683775,0,False
TID000562,1068.76,Houston,2025-06-16 06:50:49.683775,0,False
TID000563,686.18,Philadelphia,2025-05-26 20:42:03.683775,0,False
TID000564,77.65,Houston,2025-06-08 07:29:49.683775,0,False
TID000565,1756.18,Dallas,2025-06-03 20:28:55.683775,0,False
TID000566,2951.64,Dallas,2025-05-27 04:38:58.683775,0,False
TID000567,1964.26,Los Angeles,2025-06-03 18:00:39.683775,0,False
TID000568,2190.19,San Jose,2025-05-27 02:26:08.683775,0,False
TID000569,4521.27,San Antonio,2025-06-09 09:18:26.683775,0,False
TID000570,1744.54,Dallas,2025-06-09 02:52:34.683775,0,False
TID000571,2572.38,San Diego,2025-06-19 02:04:37.683775,0,False
TID000572,3919.35,Phoenix,2025-06-13 09:34:34.683775,0,False
TID000573,1985.73,San Diego,2025-06-20 10:17:17.683775,0,False
TID000574,3112.32,San Jose,2025-06-17 01:09:44.683775,0,False
TID000575,4312.51,Chicago,2025-06-06 08:44:36.683775,0,False
TID000576,4747.86,Dallas,2025-05-26 20:16:40.683775,0,False
TID000577,739.63,Philadelphia,2025-06-03 08:15:47.683775,0,False
TID000578,4633.31,Phoenix,2025-06-07 22:57:18.683775,0,False
TID000579,2463.12,Phoenix,2025-06-11 09:31:00.683775,0,False
TID000580,1294.93,San Diego,2025-05-27 09:18:26.683775,0,False
TID000581,2298.38,Chicago,2025-06-10 04:19:55.683775,0,False
TID000582,4900.26,Dallas,2025-06-07 07:55:55.683775,1,False
TID000583,2465.63,Dallas,2025-05-31 02:38:08.683775,0,False
TID000584,1647.11,New York,2025-06-11 22:23:06.683775,0,False
TID000585,3168.84,Dallas,2025-06-15 06:41:48.683775,0,False
TID000586,1204.53,Chicago,2025-06-13 11:40:14.683775,0,False
TID000587,383.94,Phoenix,2025-06-15 09:56:31.683775,0,False
TID000588,648.75,San Antonio,2025-06-12 20:05:07.683775,0,False
TID000589,644.59,Houston,2025-06-10 12:37:04.683775,0,False
TID000590,763.75,New York,2025-06-03 03:16:10.683775,0,False
TID000591,698.44,Dallas,2025-06-18 03:43:49.683775,1,False
TID000592,3206.17,Los Angeles,2025-06-18 05:16:06.683775,0,False
TID000593,913.49,Chicago,2025-06-11 21:36:06.683775,0,False
TID000594,1731.61,San Diego,2025-06-19 06:36:42.683775,0,False
TID000595,4484.46,Houston,2025-06-07 00:21:49.683775,0,False
TID000596,2372.44,Dallas,2025-05-29 01:51:39.683775,0,False
TID000597,3339.45,San Diego,2025-06-14 16:11:22.683775,0,False
TID000598,865.74,Chicago,2025-05-28 21:34:05.683775,0,False
TID000599,965.48,New York,2025-06-14 23:18:19.683775,0,False
TID000600,209.14,San Jose,2025-06-23 07:31:14.683775,0,False
TID000601,848.83,New York,2025-06-02 19:51:31.683775,0,False
TID000602,1396.56,San Diego,2025-06-20 13:08:07.683775,0,False
TID000603,889.17,Phoenix,2025-06-08 07:52:27.683775,0,False
TID000604,448.07,San Diego,2025-06-09 15:51:00.683775,0,False
TID000605,607.58,San Antonio,2025-05-30 01:08:48.683775,0,False
TID000606,2306.59,San Antonio,2025-05-28 22:53:55.683775,0,False
TID000607,1035.64,Phoenix,2025-06-09 23:39:57.683775,0,False
TID000608,1824.53,San Diego,2025-06-08 10:03:25.683775,0,False
TID000609,2519.57,New York,2025-06-08 22:42:18.683775,0,False
TID000610,3453.52,Chicago,2025-06-15 17:08:28.683775,0,False
TID000611,201.36,San Antonio,2025-06-23 07:43:00.683775,1,False
TID000612,3998.05,Houston,2025-06-14 18:04:22.683775,0,False
TID000613,3141.36,Philadelphia,2025-06-02 03:46:00.683775,0,False
TID000614,413.39,Phoenix,2025-06-15 14:48:08.683775,0,False
TID000615,4368.53,Philadelphia,2025-06-11 03:11:36.683775,0,False
TID000616,4604.76,Phoenix,2025-06-15 18:33:19.683775,0,False
TID000617,310.08,San Diego,2025-05-27 02:57:32.683775,0,False
TID000618,1388.0,Houston,2025-06-11 04:22:22.683775,0,False
TID000619,4031.98,San Diego,2025-06-23 21:57:56.683775,0,False
TID000620,3742.56,Chicago,2025-06-15 04:21:14.683775,0,False
TID000621,926.68,Chicago,2025-06-07 09:29:30.683775,0,False
TID000622,1050.7,Los Angeles,2025-05-27 20:26:19.683775,0,False
TID000623,1855.51,Los Angeles,2025-05-28 17:02:27.683775,0,False
TID000624,2425.19,Los Angeles,2025-06-13 18:52:51.683775,0,False
TID000625,3093.18,Philadelphia,2025-06-11 16:53:59.683775,0,False
TID000626,1847.72,San Diego,2025-06-18 23:24:00.683775,0,False
TID000627,2315.36,Los Angeles,2025-06-01 20:00:34.683775,0,False
TID000628,3738.62,Chicago,2025-05-26 13:53:35.683775,0,False
TID000629,188.23,Phoenix,2025-05-31 23:57:42.683775,0,False
TID000630,1265.92,San Diego,2025-06-23 13:29:07.683775,0,False
TID000631,3568.18,San Jose,2025-06-15 08:07:12.683775,1,False
TID000632,4476.56,Philadelphia,2025-05-26 18:09:19.683775,0,False
TID000633,2560.83,Chicago,2025-05-31 04:40:49.683775,1,False
TID000634,2662.91,Los Angeles,2025-05-28 07:56:39.683775,0,False
TID000635,540.32,Los Angeles,2025-06-05 12:33:58.683775,0,False
TID000636,2239.82,Chicago,2025-06-11 20:24:54.683775,0,False
TID000637,2665.42,Los Angeles,2025-06-11 15:32:51.683775,0,False
TID000638,1216.14,New York,2025-06-12 15:40:09.683775,0,False
TID000639,1349.87,Philadelphia,2025-06-21 14:29:58.683775,0,False
TID000640,1889.53,Chicago,2025-05-26 15:20:35.683775,0,False
TID000641,105.26,San Jose,2025-06-23 10:35:53.683775,0,False
TID000642,1613.79,Philadelphia,2025-06-01 12:22:48.683775,0,False
TID000643,1061.18,San Antonio,2025-06-15 21:48:34.683775,1,False
TID000644,1640.85,Los Angeles,2025-06-12 01:48:59.683775,1,False
TID000645,603.21,Dallas,2025-06-12 03:02:19.683775,0,False
TID000646,4453.18,Phoenix,2025-06-15 14:50:18.683775,0,False
TID000647,2969.99,Dallas,2025-05-28 19:11:22.683775,0,False
TID000648,3397.12,Philadelphia,2025-06-21 22:16:44.683775,0,False
TID000649,3946.91,Phoenix,2025-05-31 18:02:17.683775,0,False
TID000650,2494.72,Phoenix,2025-06-19 18:28:37.683775,0,False
TID000651,439.17,Los Angeles,2025-06-11 21:08:21.683775,0,False
TID000652,2687.85,New York,2025-06-13 09:21:17.683775,0,False
TID000653,2936.27,San Jose,2025-06-09 07:53:50.683775,0,False
TID000654,3728.47,Phoenix,2025-06-07 14:18:31.683775,0,False
TID000655,2161.14,Dallas,2025-06-06 04:25:49.683775,0,False
TID000656,642.26,Phoenix,2025-05-30 13:47:19.683775,0,False
TID000657,1422.46,New York,2025-05-26 07:48:10.683775,0,False
TID000658,1818.6,San Antonio,2025-06-03 02:22:24.683775,0,False
TID000659,3231.36,New York,2025-06-18 07:02:24.683775,0,False
TID000660,2856.04,Los Angeles,2025-06-19 04:49:43.683775,1,False
TID000661,1783.7,Philadelphia,2025-06-12 20:29:04.683775,0,False
TID000662,4932.64,Houston,2025-06-21 08:00:28.683775,0,False
TID000663,3030.85,San Jose,2025-05-30 18:48:47.683775,0,False
TID000664,1189.95,Los Angeles,2025-06-06 18:36:12.683775,0,False
TID000665,513.4,San Diego,2025-06-06 16:52:16.683775,0,False
TID000666,768.53,San Antonio,2025-06-15 17:33:27.683775,0,False
TID000667,1233.56,San Diego,2025-06-04 11:36:15.683775,0,False
TID000668,807.6,Chicago,2025-06-23 18:30:00.683775,0,False
TID000669,936.9,Philadelphia,2025-06-07 22:19:58.683775,0,False
TID000670,1429.05,Phoenix,2025-06-17 21:54:04.683775,0,False
TID000671,871.0,Phoenix,2025-06-03 18:50:10.683775,0,False
TID000672,4484.34,Dallas,2025-05-31 00:29:40.683775,0,False
TID000673,405.77,San Jose,2025-05-31 15:44:48.683775,0,False
TID000674,2624.93,Houston,2025-05-28 15:53:18.683775,0,False
TID000675,2054.93,San Antonio,2025-06-16 00:16:46.683775,0,False
TID000676,4911.98,San Antonio,2025-06-02 10:46:15.683775,0,False
TID000677,564.63,San Diego,2025-06-15 16:12:13.683775,0,False
TID000678,1992.29,San Jose,2025-05-29 07:53:43.683775,0,False
TID000679,4847.5,Chicago,2025-06-09 13:57:30.683775,0,False
TID000680,4328.21,Chicago,2025-06-10 22:23:29.683775,0,False
TID000681,4086.27,San Antonio,2025-05-28 05:16:16.683775,0,False
TID000682,1293.22,Los Angeles,2025-06-20 18:24:17.683775,0,False
TID000683,858.58,Los Angeles,2025-06-20 09:17:13.683775,0,False
TID000684,3344.87,New York,2025-06-08 03:54:29.683775,0,False
TID000685,4647.23,New York,2025-06-08 15:05:11.683775,1,False
TID000686,2786.03,Phoenix,2025-06-01 17:07:06.683775,0,False
TID000687,2860.21,Philadelphia,2025-06-02 12:26:32.683775,0,False
TID000688,1403.5,Chicago,2025-06-11 14:46:50.683775,0,False
TID000689,3848.62,Chicago,2025-06-18 18:21:18.683775,0,False
TID000690,939.28,San Diego,2025-06-04 22:52:19.683775,0,False
TID000691,1621.78,San Diego,2025-05-30 23:00:33.683775,0,False
TID000692,2130.06,Phoenix,2025-06-03 19:46:14.683775,0,False
TID000693,2540.51,San Antonio,2025-05-31 19:24:53.683775,0,False
TID000694,1215.84,San Jose,2025-06-05 13:25:45.683775,0,False
TID000695,578.61,San Diego,2025-06-18 01:11:20.683775,0,False
TID000696,3055.05,San Antonio,2025-05-26 08:14:05.683775,1,False
TID000697,1446.71,San Antonio,2025-06-11 14:05:11.683775,0,False
TID000698,2908.28,San Jose,2025-06-20 23:05:36.683775,0,False
TID000699,776.04,Phoenix,2025-06-21 20:21:47.683775,0,False
TID000700,2408.29,Philadelphia,2025-06-11 23:25:27.683775,0,False
TID000701,2665.28,San Antonio,2025-06-16 18:10:44.683775,0,False
TID000702,263.86,San Jose,2025-06-20 20:19:36.683775,0,False
TID000703,1686.34,Dallas,2025-05-31 08:48:21.683775,0,False
TID000704,676.4,New York,2025-06-23 18:34:59.683775,0,False
TID000705,321.56,Los Angeles,2025-05-29 06:03:35.683775,0,False
TID000706,4949.85,Houston,2025-05-28 06:12:49.683775,0,False
TID000707,1615.16,San Diego,2025-06-09 01:57:41.683775,0,False
TID000708,4050.32,Philadelphia,2025-06-13 09:30:05.683775,0,False
TID000709,1276.93,Chicago,2025-06-17 07:17:48.683775,0,False
TID000710,3409.11,Los Angeles,2025-06-19 14:05:29.683775,0,False
TID000711,3802.34,San Antonio,2025-06-14 00:13:21.683775,0,False
TID000712,2980.22,San Antonio,2025-06-13 22:38:10.683775,0,False
TID000713,2360.52,San Jose,2025-06-21 23:25:09.683775,0,False
TID000714,2062.15,Philadelphia,2025-05-28 15:32:14.683775,0,False
TID000715,1747.6,Phoenix,2025-05-31 03:37:40.683775,0,False
TID000716,4648.0,New York,2025-06-09 10:58:32.683775,1,False
TID000717,4153.94,New York,2025-05-28 16:01:12.683775,0,False
TID000718,4825.31,Phoenix,2025-06-15 21:52:11.683775,0,False
TID000719,625.86,Houston,2025-06-16 16:20:48.683775,0,False
TID000720,3655.68,Chicago,2025-06-19 04:22:47.683775,0,False
TID000721,4692.01,New York,2025-06-10 19:00:01.683775,0,False
TID000722,910.26,San Jose,2025-05-31 07:07:56.683775,0,False
TID000723,337.15,Dallas,2025-06-20 19:55:36.683775,1,False
TID000724,3706.9,Philadelphia,2025-06-22 14:25:55.683775,0,False
TID000725,2874.49,San Jose,2025-06-02 21:36:50.683775,0,False
TID000726,4209.93,San Jose,2025-05-31 07:56:45.683775,0,False
TID000727,703.16,San Antonio,2025-06-15 01:38:54.683775,0,False
TID000728,3977.36,Chicago,2025-06-18 11:29:25.683775,0,False
TID000729,1012.13,New York,2025-05-27 18:10:20.683775,0,False
TID000730,822.46,San Diego,2025-05-31 02:16:11.683775,1,False
TID000731,825.51,Phoenix,2025-06-19 05:14:39.683775,0,False
TID000732,4073.8,San Antonio,2025-06-01 11:53:15.683775,0,False
TID000733,3327.66,San Jose,2025-06-08 19:56:32.683775,0,False
TID000734,2617.71,Los Angeles,2025-06-02 01:27:03.683775,0,False
TID000735,1797.36,Philadelphia,2025-06-01 22:19:00.683775,0,False
TID000736,4386.62,San Antonio,2025-06-09 17:32:19.683775,0,False
TID000737,1965.26,Phoenix,2025-06-05 00:18:12.683775,0,False
TID000738,4083.91,New York,2025-06-10 20:45:27.683775,0,False
TID000739,2198.48,Houston,2025-06-19 06:10:17.683775,0,False
TID000740,1887.84,Houston,2025-06-07 20:33:06.683775,0,False
TID000741,2316.09,San Antonio,2025-05-28 21:29:24.683775,0,False
TID000742,1510.38,Dallas,2025-06-06 05:35:16.683775,0,False
TID000743,3739.31,Houston,2025-06-03 14:19:11.683775,1,False
TID000744,2516.09,San Antonio,2025-06-20 19:23:18.683775,1,False
TID000745,1164.9,Chicago,2025-06-07 09:22:13.683775,0,False
TID000746,4498.37,San Jose,2025-05-31 03:26:44.683775,0,False
TID000747,1922.54,Dallas,2025-06-08 18:25:40.683775,0,False
TID000748,2720.05,Philadelphia,2025-06-23 21:28:20.683775,0,False
TID000749,4532.83,Phoenix,2025-06-19 23:09:31.683775,0,False
TID000750,3123.07,Houston,2025-05-29 14:27:49.683775,1,False
TID000751,588.91,Houston,2025-06-18 11:09:06.683775,0,False
TID000752,4699.46,San Jose,2025-06-02 06:05:12.683775,0,False
TID000753,3140.4,Phoenix,2025-06-22 19:07:06.683775,0,False
TID000754,1677.85,Philadelphia,2025-06-22 06:06:49.683775,0,False
TID000755,700.66,San Jose,2025-06-01 13:15:39.683775,0,False
TID000756,3971.16,San Antonio,2025-06-02 09:04:29.683775,0,False
TID000757,3102.26,Philadelphia,2025-06-23 10:38:58.683775,0,False
TID000758,2669.64,Phoenix,2025-06-10 10:58:01.683775,0,False
TID000759,4469.99,Los Angeles,2025-06-21 10:16:27.683775,0,False
TID000760,3944.04,Houston,2025-05-27 01:36:23.683775,0,False
TID000761,762.62,San Diego,2025-05-26 10:40:09.683775,0,False
TID000762,1562.05,San Antonio,2025-05-29 00:14:35.683775,0,False
TID000763,1246.2,San Diego,2025-05-27 06:34:42.683775,0,False
TID000764,3721.01,Chicago,2025-06-22 01:35:55.683775,0,False
TID000765,172.49,Philadelphia,2025-06-06 21:57:29.683775,0,False
TID000766,2851.6,San Jose,2025-06-04 07:13:16.683775,0,False
TID000767,3813.48,Phoenix,2025-06-21 20:11:59.683775,0,False
TID000768,4384.44,San Antonio,2025-06-14 06:58:13.683775,0,False
TID000769,1713.7,Los Angeles,2025-05-26 12:53:50.683775,0,False
TID000770,4107.18,San Jose,2025-06-18 05:52:05.683775,1,False
TID000771,557.61,San Antonio,2025-06-20 13:15:19.683775,0,False
TID000772,4233.03,Chicago,2025-06-08 03:06:12.683775,0,False
TID000773,641.81,Los Angeles,2025-06-08 17:34:36.683775,0,False
TID000774,1989.45,Philadelphia,2025-06-17 12:16:59.683775,0,False
TID000775,3987.49,Philadelphia,2025-06-05 22:54:54.683775,1,False
TID000776,753.84,New York,2025-06-13 18:44:37.683775,0,False
TID000777,1150.11,San Jose,2025-06-08 12:08:50.683775,0,False
TID000778,3612.65,San Jose,2025-06-16 02:01:43.683775,0,False
TID000779,3601.58,Phoenix,2025-05-28 14:37:53.683775,0,False
TID000780,3207.53,Los Angeles,2025-05-27 23:24:55.683775,0,False
TID000781,3471.27,Dallas,2025-06-01 17:47:19.683775,1,False
TID000782,2715.91,Phoenix,2025-06-15 09:47:21.683775,0,False
TID000783,1262.74,San Diego,2025-06-14 05:50:45.683775,0,False
TID000784,1731.75,Philadelphia,2025-06-17 13:48:18.683775,0,False
TID000785,912.08,Chicago,2025-06-16 14:43:33.683775,0,False
TID000786,4542.71,Dallas,2025-06-03 23:18:56.683775,0,False
TID000787,2919.04,San Jose,2025-06-10 13:57:53.683775,0,False
TID000788,2007.25,Chicago,2025-06-23 12:25:19.683775,0,False
TID000789,2312.72,Philadelphia,2025-06-01 00:59:52.683775,0,False
TID000790,4736.68,Houston,2025-06-09 05:47:48.683775,0,False
TID000791,770.99,San Jose,2025-06-09 13:38:32.683775,0,False
TID000792,2933.22,Philadelphia,2025-06-10 19:59:51.683775,0,False
TID000793,2531.91,Dallas,2025-06-13 10:09:00.683775,0,False
TID000794,3059.21,Dallas,2025-05-31 09:57:54.683775,1,False
TID000795,95.46,Chicago,2025-06-12 01:19:20.683775,1,False
TID000796,4361.26,San Diego,2025-06-19 01:36:25.683775,0,False
TID000797,4660.93,Phoenix,2025-06-21 07:58:57.683775,0,False
TID000798,2827.84,San Jose,2025-05-30 05:19:29.683775,0,False
TID000799,3484.77,Philadelphia,2025-06-09 13:24:31.683775,0,False
TID000800,4612.88,Dallas,2025-06-05 19:15:24.683775,0,False
TID000801,3537.66,Chicago,2025-06-16 17:05:29.683775,0,False
TID000802,766.93,Chicago,2025-05-31 00:21:36.683775,0,False
TID000803,2883.56,Philadelphia,2025-06-07 01:14:19.683775,0,False
TID000804,3035.54,San Jose,2025-06-15 21:25:44.683775,1,False
TID000805,2123.53,Phoenix,2025-06-06 02:27:29.683775,0,False
TID000806,3683.54,Los Angeles,2025-05-31 21:44:45.683775,0,False
TID000807,4672.16,Philadelphia,2025-05-29 18:24:19.683775,0,False
TID000808,4628.21,Houston,2025-05-27 12:34:15.683775,0,False
TID000809,2256.94,Philadelphia,2025-06-08 03:43:59.683775,0,False
TID000810,570.62,Philadelphia,2025-06-12 17:10:43.683775,0,False
TID000811,4924.28,Phoenix,2025-06-23 22:34:42.683775,0,False
TID000812,4195.3,Houston,2025-06-14 08:46:26.683775,0,False
TID000813,627.69,Los Angeles,2025-06-06 02:52:03.683775,1,False
TID000814,4604.61,San Antonio,2025-06-01 19:40:30.683775,0,False
TID000815,4350.13,Philadelphia,2025-06-09 23:06:07.683775,0,False
TID000816,2596.6,Chicago,2025-06-22 02:39:57.683775,0,False
TID000817,2958.42,San Diego,2025-06-09 05:57:03.683775,0,False
TID000818,1998.02,New York,2025-06-03 06:47:03.683775,0,False
TID000819,278.53,San Diego,2025-06-01 19:15:32.683775,0,False
TID000820,1679.31,San Diego,2025-06-18 06:07:59.683775,0,False
TID000821,4015.25,Dallas,2025-06-19 01:18:34.683775,0,False
TID000822,28.14,Houston,2025-06-16 17:29:26.683775,0,False
TID000823,1670.83,San Antonio,2025-06-18 06:42:31.683775,0,False
TID000824,1993.85,Dallas,2025-06-09 01:05:14.683775,0,False
TID000825,2689.29,San Jose,2025-06-18 05:05:24.683775,0,False
TID000826,4599.68,Phoenix,2025-05-26 04:36:50.683775,1,False
TID000827,1735.0,New York,2025-05-29 10:31:35.683775,0,False
TID000828,1738.03,Philadelphia,2025-06-13 03:46:19.683775,0,False
TID000829,3688.82,Philadelphia,2025-06-18 14:29:49.683775,0,False
TID000830,2263.83,Dallas,2025-06-16 06:19:26.683775,0,False
TID000831,1126.9,Dallas,2025-06-05 18:04:51.683775,0,False
TID000832,2264.94,Phoenix,2025-06-04 12:16:23.683775,0,False
TID000833,708.58,Philadelphia,2025-06-22 09:15:24.683775,0,False
TID000834,886.05,Phoenix,2025-06-11 04:45:51.683775,0,False
TID000835,2494.35,San Diego,2025-05-27 10:18:09.683775,0,False
TID000836,2097.53,Phoenix,2025-05-27 12:29:43.683775,0,False
TID000837,4574.66,San Antonio,2025-06-07 17:24:56.683775,0,False
TID000838,1815.16,Los Angeles,2025-06-18 02:12:18.683775,0,False
TID000839,2905.04,Phoenix,2025-06-23 01:46:17.683775,0,False
TID000840,3163.16,San Jose,2025-06-16 21:53:06.683775,0,False
TID000841,70.41,Houston,2025-06-07 22:31:57.683775,0,False
TID000842,3319.37,San Antonio,2025-06-20 02:54:06.683775,0,False
TID000843,894.29,San Antonio,2025-05-25 11:08:20.683775,0,False
TID000844,4805.55,Dallas,2025-05-30 06:51:17.683775,0,False
TID000845,747.57,Dallas,2025-06-14 23:40:44.683775,1,False
TID000846,2076.05,Dallas,2025-05-31 13:39:25.683775,1,False
TID000847,431.32,Houston,2025-06-06 21:44:41.683775,0,False
TID000848,4984.39,Houston,2025-06-11 19:46:24.683775,1,False
TID000849,2513.46,San Diego,2025-06-13 15:26:12.683775,1,False
TID000850,2978.95,San Diego,2025-06-11 19:57:34.683775,0,False
TID000851,340.05,Dallas,2025-05-27 06:19:22.683775,0,False
TID000852,3751.05,New York,2025-06-13 12:19:23.683775,0,False
TID000853,1053.48,New York,2025-05-27 13:12:52.683775,0,False
TID000854,4490.78,San Antonio,2025-06-21 18:02:16.683775,0,False
TID000855,1029.67,San Jose,2025-06-21 08:10:32.683775,0,False
TID000856,957.49,San Jose,2025-06-03 12:24:05.683775,1,False
TID000857,187.57,San Diego,2025-06-11 15:58:56.683775,0,False
TID000858,2362.97,Phoenix,2025-06-20 22:09:47.683775,0,False
TID000859,2826.38,New York,2025-06-08 01:51:25.683775,0,False
TID000860,333.21,San Antonio,2025-05-28 15:16:56.683775,0,False
TID000861,3878.76,Dallas,2025-06-12 19:44:26.683775,0,False
TID000862,2269.18,Phoenix,2025-06-18 13:06:42.683775,0,False
TID000863,2624.33,San Antonio,2025-06-15 22:18:45.683775,0,False
TID000864,2206.61,San Jose,2025-06-20 18:14:29.683775,0,False
TID000865,2006.81,New York,2025-06-07 15:30:35.683775,0,False
TID000866,2800.4,San Diego,2025-06-23 17:31:42.683775,0,False
TID000867,780.43,Chicago,2025-05-30 20:02:11.683775,0,False
TID000868,913.73,Houston,2025-05-31 07:30:55.683775,0,False
TID000869,4309.62,Los Angeles,2025-05-29 18:15:13.683775,1,False
TID000870,4730.85,Philadelphia,2025-06-13 04:32:33.683775,0,False
TID000871,1869.68,Philadelphia,2025-06-12 04:25:09.683775,0,False
TID000872,1357.37,San Diego,2025-06-10 12:40:28.683775,0,False
TID000873,3221.78,Los Angeles,2025-06-21 03:31:58.683775,1,False
TID000874,2046.63,New York,2025-06-11 19:34:26.683775,1,False
TID000875,131.8,Dallas,2025-06-01 01:41:43.683775,0,False
TID000876,784.98,San Antonio,2025-06-03 17:31:51.683775,0,False
TID000877,3581.28,Chicago,2025-06-23 07:31:54.683775,0,False
TID000878,3296.33,San Jose,2025-06-18 18:46:56.683775,0,False
TID000879,140.34,Los Angeles,2025-06-13 13:15:41.683775,0,False
TID000880,1113.75,Phoenix,2025-06-18 08:14:40.683775,0,False
TID000881,1159.22,Chicago,2025-05-27 00:30:43.683775,0,False
TID000882,3361.1,Chicago,2025-05-27 06:23:38.683775,0,False
TID000883,103.45,New York,2025-05-26 22:56:59.683775,0,False
TID000884,525.02,Dallas,2025-05-31 17:16:14.683775,0,False
TID000885,4000.58,San Jose,2025-06-10 05:37:55.683775,0,False
TID000886,896.83,San Antonio,2025-06-17 01:33:48.683775,0,False
TID000887,3265.47,Los Angeles,2025-06-19 06:40:41.683775,0,False
TID000888,1194.72,Phoenix,2025-06-16 06:02:30.683775,0,False
TID000889,501.71,Houston,2025-06-01 07:08:24.683775,0,False
TID000890,1219.65,Philadelphia,2025-06-23 11:57:22.683775,0,False
TID000891,3612.72,San Antonio,2025-06-19 02:13:09.683775,0,False
TID000892,4279.2,Phoenix,2025-05-31 20:28:05.683775,0,False
TID000893,4151.95,Chicago,2025-06-09 23:43:10.683775,0,False
TID000894,1988.93,Dallas,2025-06-23 19:53:16.683775,0,False
TID000895,3342.09,Los Angeles,2025-06-09 12:43:33.683775,1,False
TID000896,1028.9,Houston,2025-06-01 22:56:24.683775,0,False
TID000897,1469.27,Phoenix,2025-06-13 03:26:12.683775,0,False
TID000898,4482.2,Chicago,2025-06-23 23:53:12.683775,1,False
TID000899,69.94,Philadelphia,2025-06-08 14:14:41.683775,0,False
TID000900,432.12,Philadelphia,2025-06-22 21:21:03.683775,0,False
TID000901,1043.39,San Jose,2025-06-10 09:30:54.683775,1,False
TID000902,137.53,Chicago,2025-06-18 16:40:35.683775,0,False
TID000903,911.27,San Jose,2025-06-18 19:28:17.683775,0,False
TID000904,2917.29,San Antonio,2025-06-19 21:49:57.683775,0,False
TID000905,2110.02,Chicago,2025-06-17 20:19:27.683775,0,False
TID000906,4463.9,Philadelphia,2025-06-21 09:27:57.683775,0,False
TID000907,4088.13,San Antonio,2025-06-08 14:53:34.683775,0,False
TID000908,1712.38,San Diego,2025-06-17 02:54:05.683775,0,False
TID000909,1300.82,New York,2025-05-25 20:59:42.683775,0,False
TID000910,1901.56,San Antonio,2025-06-11 22:46:46.683775,0,False
TID000911,2953.52,Phoenix,2025-06-10 03:32:01.683775,0,False
TID000912,1343.98,San Jose,2025-05-30 09:18:36.683775,0,False
TID000913,3122.62,Chicago,2025-06-14 06:54:58.683775,1,False
TID000914,2050.01,San Diego,2025-06-22 09:40:26.683775,0,False
TID000915,2762.48,San Antonio,2025-06-09 00:04:56.683775,0,False
TID000916,2183.45,Houston,2025-05-26 08:39:28.683775,0,False
TID000917,1475.86,San Antonio,2025-06-23 01:03:42.683775,0,False
TID000918,4742.52,San Antonio,2025-06-17 02:32:57.683775,0,False
TID000919,3819.21,San Antonio,2025-06-06 22:58:37.683775,0,False
TID000920,704.87,San Diego,2025-06-22 03:34:59.683775,0,False
TID000921,4343.0,San Antonio,2025-06-22 02:36:16.683775,0,False
TID000922,2439.72,Dallas,2025-06-05 02:43:07.683775,0,False
TID000923,4473.29,San Antonio,2025-05-27 13:26:41.683775,0,False
TID000924,4000.28,San Jose,2025-06-22 09:27:56.683775,0,False
TID000925,2128.94,San Antonio,2025-06-17 09:22:30.683775,0,False
TID000926,117.23,Houston,2025-06-02 08:16:21.683775,0,False
TID000927,1347.04,Phoenix,2025-06-19 12:23:11.683775,0,False
TID000928,2710.46,Philadelphia,2025-06-12 12:33:55.683775,0,False
TID000929,3169.22,San Diego,2025-06-01 05:46:58.683775,1,False
TID000930,1293.15,New York,2025-06-05 19:47:28.683775,0,False
TID000931,701.08,Chicago,2025-05-26 14:23:38.683775,0,False
TID000932,4175.48,San Diego,2025-06-21 20:42:15.683775,0,False
TID000933,4922.09,Los Angeles,2025-05-30 09:38:57.683775,0,False
TID000934,2630.82,Los Angeles,2025-06-03 07:53:29.683775,0,False
TID000935,862.54,Philadelphia,2025-05-25 23:40:31.683775,0,False
TID000936,1365.18,San Jose,2025-06-15 11:27:31.683775,0,False
TID000937,96.86,Philadelphia,2025-06-09 07:05:23.683775,1,False
TID000938,4571.92,San Jose,2025-06-14 09:31:33.683775,0,False
TID000939,593.17,Dallas,2025-06-01 10:02:30.683775,0,False
TID000940,2884.7,Chicago,2025-06-14 02:44:42.683775,0,False
TID000941,1373.91,Dallas,2025-06-03 23:09:45.683775,0,False
TID000942,2773.12,Phoenix,2025-06-13 23:44:09.683775,0,False
TID000943,3258.84,Dallas,2025-06-18 10:16:25.683775,1,False
TID000944,4149.56,San Diego,2025-06-23 18:02:06.683775,0,False
TID000945,1036.07,Houston,2025-06-16 23:04:18.683775,0,False
TID000946,59.92,Los Angeles,2025-05-28 02:10:28.683775,1,False
TID000947,688.74,San Jose,2025-05-31 18:29:21.683775,0,False
TID000948,4500.59,Los Angeles,2025-06-19 05:55:17.683775,0,False
TID000949,4370.08,San Jose,2025-06-04 03:10:56.683775,0,False
TID000950,2989.08,Dallas,2025-06-21 07:05:31.683775,0,False
TID000951,3004.58,San Diego,2025-06-09 20:19:18.683775,0,False
TID000952,3326.86,San Jose,2025-06-17 06:57:15.683775,0,False
TID000953,880.98,San Jose,2025-06-19 13:50:12.683775,0,False
TID000954,4572.49,Dallas,2025-06-12 08:38:39.683775,0,False
TID000955,2096.76,Houston,2025-06-09 07:09:35.683775,0,False
TID000956,1918.78,San Diego,2025-06-02 11:23:01.683775,0,False
TID000957,2596.99,New York,2025-06-16 09:09:30.683775,1,False
TID000958,239.6,Philadelphia,2025-06-19 22:44:58.683775,0,False
TID000959,835.59,Phoenix,2025-06-10 16:27:05.683775,0,False
TID000960,3691.48,San Antonio,2025-06-20 14:03:57.683775,0,False
TID000961,418.58,San Antonio,2025-06-11 06:23:09.683775,0,False
TID000962,3017.74,Philadelphia,2025-06-06 21:36:57.683775,0,False
TID000963,1230.52,Dallas,2025-06-23 16:24:08.683775,0,False
TID000964,1949.53,San Jose,2025-06-17 13:43:20.683775,1,False
TID000965,1447.03,Los Angeles,2025-06-03 09:36:56.683775,0,False
TID000966,1781.59,Chicago,2025-06-06 00:49:38.683775,0,False
TID000967,3596.63,New York,2025-06-07 14:40:39.683775,0,False
TID000968,1489.12,Dallas,2025-06-21 03:49:47.683775,0,False
TID000969,2834.19,Philadelphia,2025-06-08 13:23:18.683775,0,False
TID000970,2382.87,San Jose,2025-06-04 23:36:02.683775,0,False
TID000971,3320.04,Chicago,2025-06-08 12:21:27.683775,0,False
TID000972,4684.46,New York,2025-06-08 02:19:33.683775,1,False
TID000973,3664.2,Dallas,2025-06-04 03:06:28.683775,0,False
TID000974,1078.63,San Jose,2025-06-17 19:20:29.683775,0,False
TID000975,160.76,Houston,2025-06-09 10:59:27.683775,1,False
TID000976,1315.01,Phoenix,2025-06-17 08:37:23.683775,0,False
TID000977,2977.41,Los Angeles,2025-06-10 23:59:48.683775,0,False
TID000978,261.87,San Jose,2025-06-21 06:37:37.683775,0,False
TID000979,2484.35,Houston,2025-06-07 08:12:46.683775,0,False
TID000980,2986.23,Phoenix,2025-06-08 00:54:38.683775,0,False
TID000981,1674.55,New York,2025-05-30 23:36:19.683775,0,False
TID000982,3855.71,Dallas,2025-06-21 21:45:38.683775,1,False
TID000983,537.46,Los Angeles,2025-06-20 10:28:29.683775,1,False
TID000984,380.31,Phoenix,2025-06-12 11:59:14.683775,0,False
TID000985,3642.3,San Antonio,2025-06-13 05:16:31.683775,0,False
TID000986,2479.98,San Diego,2025-06-10 19:43:21.683775,1,False
TID000987,3443.57,San Jose,2025-06-01 04:16:07.683775,0,False
TID000988,2176.96,Phoenix,2025-06-08 04:00:48.683775,0,False
TID000989,1235.78,San Diego,2025-05-27 02:37:21.683775,0,False
TID000990,4096.42,Los Angeles,2025-06-08 00:43:31.683775,0,False
TID000991,3998.08,Phoenix,2025-05-28 21:41:15.683775,0,False
TID000992,3475.01,New York,2025-06-10 21:09:15.683775,0,False
TID000993,1364.36,Phoenix,2025-06-15 13:01:01.683775,0,False
TID000994,2953.2,Phoenix,2025-06-06 12:23:25.683775,0,False
TID000995,1808.06,San Jose,2025-06-17 07:46:46.683775,0,False
TID000996,462.45,New York,2025-06-04 10:55:27.683775,0,False
TID000997,4586.98,Houston,2025-06-03 21:02:16.683775,0,False
TID000998,688.41,Phoenix,2025-06-20 05:06:01.683775,1,False
TID000999,4751.44,San Jose,2025-06-07 05:30:15.683775,0,False
TID001000,2232.8,Dallas,2025-06-21 08:24:36.683775,0,False
TIDTEST1,15000.0,San Jose,2025-05-31 15:44:48.683775,0,True
TIDTEST2,20000.0,San Jose,2025-06-20 07:00:29.683775,0,True
TIDTEST3,18000.0,San Jose,2025-06-02 06:05:12.683775,0,True
TIDTEST4,25000.0,Houston,2025-06-14 18:04:22.683775,0,True
TIDTEST5,30000.0,Phoenix,2025-06-10 14:47:03.683775,0,True
